Workbook

Sheet template
A1: team | B1: rank
A2: =VLOOKUP('site info'!A2,'team-translation'!A:B,2,0) -> hawks | B2: ='site info'!B2 -> 1 | D2: " | E2: ": | F2: , | H2: =D2&A2&E2&B2&F2 -> "hawks":1,
A3: =VLOOKUP('site info'!A3,'team-translation'!A:B,2,0) -> rams | B3: ='site info'!B3 -> 2 | D3: " | E3: ": | F3: , | H3: =D3&A3&E3&B3&F3 -> "rams":2,
A4: =VLOOKUP('site info'!A4,'team-translation'!A:B,2,0) -> lions | B4: ='site info'!B4 -> 3 | D4: " | E4: ": | F4: , | H4: =D4&A4&E4&B4&F4 -> "lions":3,
A5: =VLOOKUP('site info'!A5,'team-translation'!A:B,2,0) -> colts | B5: ='site info'!B5 -> 4 | D5: " | E5: ": | F5: , | H5: =D5&A5&E5&B5&F5 -> "colts":4,
A6: =VLOOKUP('site info'!A6,'team-translation'!A:B,2,0) -> pack | B6: ='site info'!B6 -> 5 | D6: " | E6: ": | F6: , | H6: =D6&A6&E6&B6&F6 -> "pack":5,
A7: =VLOOKUP('site info'!A7,'team-translation'!A:B,2,0) -> chiefs | B7: ='site info'!B7 -> 6 | D7: " | E7: ": | F7: , | H7: =D7&A7&E7&B7&F7 -> "chiefs":6,
A8: =VLOOKUP('site info'!A8,'team-translation'!A:B,2,0) -> texans | B8: ='site info'!B8 -> 7 | D8: " | E8: ": | F8: , | H8: =D8&A8&E8&B8&F8 -> "texans":7,
A9: =VLOOKUP('site info'!A9,'team-translation'!A:B,2,0) -> broncos | B9: ='site info'!B9 -> 8 | D9: " | E9: ": | F9: , | H9: =D9&A9&E9&B9&F9 -> "broncos":8,
A10: =VLOOKUP('site info'!A10,'team-translation'!A:B,2,0) -> jags | B10: ='site info'!B10 -> 9 | D10: " | E10: ": | F10: , | H10: =D10&A10&E10&B10&F10 -> "jags":9,
A11: =VLOOKUP('site info'!A11,'team-translation'!A:B,2,0) -> bills | B11: ='site info'!B11 -> 10 | D11: " | E11: ": | F11: , | H11: =D11&A11&E11&B11&F11 -> "bills":10,
A12: =VLOOKUP('site info'!A12,'team-translation'!A:B,2,0) -> 9ers | B12: ='site info'!B12 -> 11 | D12: " | E12: ": | F12: , | H12: =D12&A12&E12&B12&F12 -> "9ers":11,
A13: =VLOOKUP('site info'!A13,'team-translation'!A:B,2,0) -> eagles | B13: ='site info'!B13 -> 12 | D13: " | E13: ": | F13: , | H13: =D13&A13&E13&B13&F13 -> "eagles":12,
... A33: =VLOOKUP('site info'!A33,'team-translation'!A:B,2,0) -> titans | B33: ='site info'!B33 -> 32 | D33: " | E33: ": | F33: , | H33: =D33&A33&E33&B33&F33 -> "titans":32,

Sheet DVOA_Data
A1: name | B1: rank
A2: =VLOOKUP('site info'!A2,'team-translation'!A:B,2,0) -> hawks | B2: 1
A3: =VLOOKUP('site info'!A3,'team-translation'!A:B,2,0) -> rams | B3: 2
A4: =VLOOKUP('site info'!A4,'team-translation'!A:B,2,0) -> lions | B4: 3
A5: =VLOOKUP('site info'!A5,'team-translation'!A:B,2,0) -> colts | B5: 4
A6: =VLOOKUP('site info'!A6,'team-translation'!A:B,2,0) -> pack | B6: 5
A7: =VLOOKUP('site info'!A7,'team-translation'!A:B,2,0) -> chiefs | B7: 6
A8: =VLOOKUP('site info'!A8,'team-translation'!A:B,2,0) -> texans | B8: 7
A9: =VLOOKUP('site info'!A9,'team-translation'!A:B,2,0) -> broncos | B9: 8
A10: =VLOOKUP('site info'!A10,'team-translation'!A:B,2,0) -> jags | B10: 9
A11: =VLOOKUP('site info'!A11,'team-translation'!A:B,2,0) -> bills | B11: 10
A12: =VLOOKUP('site info'!A12,'team-translation'!A:B,2,0) -> 9ers | B12: 11
A13: =VLOOKUP('site info'!A13,'team-translation'!A:B,2,0) -> eagles | B13: 12
... A33: =VLOOKUP('site info'!A33,'team-translation'!A:B,2,0) -> titans | B33: 32

Sheet site info
A1: Team | B1: Total DVOA Rank
A2: SEA | B2: 1
A3: LAR | B3: 2
A4: DET | B4: 3
A5: IND | B5: 4
A6: GB | B6: 5
A7: KC | B7: 6
A8: HOU | B8: 7
A9: DEN | B9: 8
A10: JAX | B10: 9
A11: BUF | B11: 10
A12: SF | B12: 11
A13: PHI | B13: 12
... A33: TEN | B33: 32

Sheet team-translation
A1: PHI | B1: eagles
A2: BUF | B2: bills
A3: SF | B3: 9ers
A4: DAL | B4: boys
A5: BAL | B5: ravens
A6: CIN | B6: bengals
A7: KC | B7: chiefs
A8: MIA | B8: fins
A9: NYJ | B9: jets
A10: SEA | B10: hawks
A11: DET | B11: lions
A12: NE | B12: pats
... A32: HOU | B32: texans

Sheet website info-step1
A1: BAL | I1: need to input this into "site info" tab after
A2: DET
A3: BUF
A4: GB
A5: PHI
A6: KC
A7: MIN
A8: WAS
A9: LAC
A10: SF
A11: TB
A12: DEN
A13: PIT
... A32: CLE

Sheet audit
A1: team | B1: spread | C1: rank
A2: 9ers | B2: 13 | C2: 16
A3: bills | B3: 13 | C3: 15
A4: eagles | B4: 10.5 | C4: 14
A5: browns | B5: 7.5 | C5: 13
A6: chiefs | B6: 7 | C6: 12
A7: jags | B7: 6.5 | C7: 11
A8: boys | B8: 5.5 | C8: 10
A9: rams | B9: 5.5 | C9: 9
A10: texans | B10: 5 | C10: 8
A11: hawks | B11: 3.5 | C11: 7
A12: colts | B12: 3.5 | C12: 6
A13: broncos | B13: 3.5 | C13: 5
... A17: vikings | B17: 2 | C17: 1
